{
    "Logistic Regression": {
        "accuracy": 0.9675,
        "f1_score": 0.4036697247706422
    },
    "Decision Tree": {
        "accuracy": 0.978,
        "f1_score": 0.6666666666666666
    },
    "Random Forest": {
        "accuracy": 0.987,
        "f1_score": 0.7868852459016393
    },
    "XGBoost": {
        "accuracy": 0.987,
        "f1_score": 0.7796610169491526
    },
    "Random Forest (Tuned)": {
        "accuracy": 0.983,
        "f1_score": 0.746268656716418
    },
    "Random Forest (SMOTE-Tuned)": {
        "accuracy": 0.9835,
        "f1_score": 0.7480916030534351
    },
    "XGBoost (SMOTE-Tuned)": {
        "accuracy": 0.988,
        "f1_score": 0.8125
    }
}