{
    "optimal_threshold": 0.7300000000000004,
    "threshold_metrics": {
        "0.30": {
            "accuracy": 0.976,
            "precision": 0.6111111111111112,
            "recall": 0.8088235294117647,
            "f1_score": 0.6962025316455697
        },
        "0.31": {
            "accuracy": 0.9765,
            "precision": 0.6179775280898876,
            "recall": 0.8088235294117647,
            "f1_score": 0.7006369426751592
        },
        "0.32": {
            "accuracy": 0.9775,
            "precision": 0.632183908045977,
            "recall": 0.8088235294117647,
            "f1_score": 0.7096774193548387
        },
        "0.33": {
            "accuracy": 0.978,
            "precision": 0.6395348837209303,
            "recall": 0.8088235294117647,
            "f1_score": 0.7142857142857143
        },
        "0.34": {
            "accuracy": 0.9775,
            "precision": 0.6352941176470588,
            "recall": 0.7941176470588235,
            "f1_score": 0.7058823529411765
        },
        "0.35": {
            "accuracy": 0.9785,
            "precision": 0.6506024096385542,
            "recall": 0.7941176470588235,
            "f1_score": 0.7152317880794702
        },
        "0.36": {
            "accuracy": 0.9785,
            "precision": 0.6506024096385542,
            "recall": 0.7941176470588235,
            "f1_score": 0.7152317880794702
        },
        "0.37": {
            "accuracy": 0.9785,
            "precision": 0.6506024096385542,
            "recall": 0.7941176470588235,
            "f1_score": 0.7152317880794702
        },
        "0.38": {
            "accuracy": 0.979,
            "precision": 0.6585365853658537,
            "recall": 0.7941176470588235,
            "f1_score": 0.72
        },
        "0.39": {
            "accuracy": 0.9805,
            "precision": 0.6835443037974683,
            "recall": 0.7941176470588235,
            "f1_score": 0.7346938775510204
        },
        "0.40": {
            "accuracy": 0.9815,
            "precision": 0.7012987012987013,
            "recall": 0.7941176470588235,
            "f1_score": 0.7448275862068966
        },
        "0.41": {
            "accuracy": 0.9825,
            "precision": 0.72,
            "recall": 0.7941176470588235,
            "f1_score": 0.7552447552447552
        },
        "0.42": {
            "accuracy": 0.9825,
            "precision": 0.72,
            "recall": 0.7941176470588235,
            "f1_score": 0.7552447552447552
        },
        "0.43": {
            "accuracy": 0.982,
            "precision": 0.7162162162162162,
            "recall": 0.7794117647058824,
            "f1_score": 0.7464788732394366
        },
        "0.44": {
            "accuracy": 0.982,
            "precision": 0.7162162162162162,
            "recall": 0.7794117647058824,
            "f1_score": 0.7464788732394366
        },
        "0.45": {
            "accuracy": 0.9825,
            "precision": 0.726027397260274,
            "recall": 0.7794117647058824,
            "f1_score": 0.75177304964539
        },
        "0.46": {
            "accuracy": 0.9835,
            "precision": 0.7464788732394366,
            "recall": 0.7794117647058824,
            "f1_score": 0.762589928057554
        },
        "0.47": {
            "accuracy": 0.9835,
            "precision": 0.7464788732394366,
            "recall": 0.7794117647058824,
            "f1_score": 0.762589928057554
        },
        "0.48": {
            "accuracy": 0.9835,
            "precision": 0.7464788732394366,
            "recall": 0.7794117647058824,
            "f1_score": 0.762589928057554
        },
        "0.49": {
            "accuracy": 0.9835,
            "precision": 0.7536231884057971,
            "recall": 0.7647058823529411,
            "f1_score": 0.7591240875912408
        },
        "0.50": {
            "accuracy": 0.9835,
            "precision": 0.7536231884057971,
            "recall": 0.7647058823529411,
            "f1_score": 0.7591240875912408
        },
        "0.51": {
            "accuracy": 0.9845,
            "precision": 0.7761194029850746,
            "recall": 0.7647058823529411,
            "f1_score": 0.7703703703703704
        },
        "0.52": {
            "accuracy": 0.9845,
            "precision": 0.7761194029850746,
            "recall": 0.7647058823529411,
            "f1_score": 0.7703703703703704
        },
        "0.53": {
            "accuracy": 0.9855,
            "precision": 0.8,
            "recall": 0.7647058823529411,
            "f1_score": 0.7819548872180451
        },
        "0.54": {
            "accuracy": 0.9855,
            "precision": 0.8,
            "recall": 0.7647058823529411,
            "f1_score": 0.7819548872180451
        },
        "0.55": {
            "accuracy": 0.986,
            "precision": 0.8125,
            "recall": 0.7647058823529411,
            "f1_score": 0.7878787878787878
        },
        "0.56": {
            "accuracy": 0.987,
            "precision": 0.8387096774193549,
            "recall": 0.7647058823529411,
            "f1_score": 0.8
        },
        "0.57": {
            "accuracy": 0.987,
            "precision": 0.8387096774193549,
            "recall": 0.7647058823529411,
            "f1_score": 0.8
        },
        "0.58": {
            "accuracy": 0.987,
            "precision": 0.8387096774193549,
            "recall": 0.7647058823529411,
            "f1_score": 0.8
        },
        "0.59": {
            "accuracy": 0.987,
            "precision": 0.8387096774193549,
            "recall": 0.7647058823529411,
            "f1_score": 0.8
        },
        "0.60": {
            "accuracy": 0.987,
            "precision": 0.8387096774193549,
            "recall": 0.7647058823529411,
            "f1_score": 0.8
        },
        "0.61": {
            "accuracy": 0.987,
            "precision": 0.8387096774193549,
            "recall": 0.7647058823529411,
            "f1_score": 0.8
        },
        "0.62": {
            "accuracy": 0.987,
            "precision": 0.8387096774193549,
            "recall": 0.7647058823529411,
            "f1_score": 0.8
        },
        "0.63": {
            "accuracy": 0.987,
            "precision": 0.8387096774193549,
            "recall": 0.7647058823529411,
            "f1_score": 0.8
        },
        "0.64": {
            "accuracy": 0.987,
            "precision": 0.8387096774193549,
            "recall": 0.7647058823529411,
            "f1_score": 0.8
        },
        "0.65": {
            "accuracy": 0.9875,
            "precision": 0.8524590163934426,
            "recall": 0.7647058823529411,
            "f1_score": 0.8062015503875969
        },
        "0.66": {
            "accuracy": 0.9875,
            "precision": 0.8524590163934426,
            "recall": 0.7647058823529411,
            "f1_score": 0.8062015503875969
        },
        "0.67": {
            "accuracy": 0.9875,
            "precision": 0.8524590163934426,
            "recall": 0.7647058823529411,
            "f1_score": 0.8062015503875969
        },
        "0.68": {
            "accuracy": 0.9875,
            "precision": 0.8524590163934426,
            "recall": 0.7647058823529411,
            "f1_score": 0.8062015503875969
        },
        "0.69": {
            "accuracy": 0.9875,
            "precision": 0.8524590163934426,
            "recall": 0.7647058823529411,
            "f1_score": 0.8062015503875969
        },
        "0.70": {
            "accuracy": 0.9875,
            "precision": 0.8524590163934426,
            "recall": 0.7647058823529411,
            "f1_score": 0.8062015503875969
        },
        "0.71": {
            "accuracy": 0.9875,
            "precision": 0.8524590163934426,
            "recall": 0.7647058823529411,
            "f1_score": 0.8062015503875969
        },
        "0.72": {
            "accuracy": 0.9875,
            "precision": 0.8524590163934426,
            "recall": 0.7647058823529411,